Rank,Ticker,Company Name,Market Cap ($B),Moat Depth (1-10),AI Implementation Score (1-10),AI Category,Moat Analysis,AI Implementation Thesis (5-10 Year),Data Flywheel Strength,Key Risk
1,ROP,Roper Technologies,37.6,9,10,AI-Enhanced Vertical Software,"Software businesses with 95%+ gross retention and high switching costs. Data/feedback loops in each vertical. 120% FCF conversion. Asset-light serial acquirer.","Roper owns ~25 vertical market software businesses (DAT for freight, Aderant for law firms, Strata for healthcare, Deltek for project-based firms, iPipeline for insurance). Each has a captive data set from years of customer usage. Embedding AI into each product - AI-assisted legal billing, AI-optimized freight matching, AI-driven healthcare analytics - raises the value proposition and justifies price increases. The proprietary data within each vertical is the raw material AI needs and competitors lack. As a serial acquirer, Roper can also buy AI-native vertical software companies and bolt them onto existing platforms. This is the single best 'AI enhances the existing moat' story in industrials.",Very Strong - each vertical app has proprietary data that gets more valuable with AI; 25 independent data flywheels,Execution risk embedding AI across 25+ diverse software businesses; acquisition price discipline
2,ODFL,Old Dominion Freight Line,38.0,9,8,AI-Optimized Physical Network,"Best-in-class LTL network built over decades. 22% ROIC. 30% EBITDA margins. Physical terminal network is irreplaceable. Service quality premium drives pricing power.","ODFL already operates the most efficient LTL network in the industry. AI amplifies this advantage in ways competitors cannot replicate because they lack ODFL's data density. Specific applications: (1) AI-optimized load planning - maximizing trailer density across 255+ service centers, (2) dynamic pricing using real-time demand/capacity signals, (3) predictive maintenance on 10,000+ tractors reducing downtime, (4) AI-powered route optimization across millions of annual shipments, (5) demand forecasting that improves labor scheduling. The critical insight: AI rewards the company with the best data, and ODFL's superior network density generates the best data. The operational gap between ODFL and #2/#3 LTL carriers WIDENS with AI adoption because ODFL's data is higher quality and more granular.",Very Strong - network density generates data quality advantage that compounds; competitors cannot replicate the data set,Already at premium valuation; LTL is cyclical; the market may already price in operational excellence
3,GWW,W.W. Grainger,49.4,8,8,AI-Powered Industrial Commerce,"Scale-driven MRO distribution with 2M+ SKUs. 28% ROIC. Zoro.com digital platform. Physical branch + digital hybrid model.","Grainger sits on decades of industrial purchasing data across hundreds of thousands of B2B customers. AI implementation opportunities: (1) AI search and recommendation engine across 2M+ SKUs - understanding that a customer buying X also needs Y and Z, (2) predictive replenishment for VMI (vendor-managed inventory) customers, (3) demand forecasting that optimizes inventory positioning across 300+ branches, (4) Zoro.com becomes an AI-curated industrial marketplace where the algorithm learns purchasing patterns, (5) AI-powered customer segmentation for dynamic pricing and targeted marketing. The moat widens because the purchasing data from the largest MRO distributor trains better AI models than any competitor can build.",Strong - decades of B2B purchasing data across every industrial category; Zoro digital platform captures behavioral data,Premium valuation at ~18x EV/EBITDA; Amazon Business competitive threat; industrial demand cyclicality
4,TRMB,Trimble Inc.,15.4,8,9,AI-Native Workflow Software,"Installed base switching costs in construction and agriculture workflows. Data/feedback loop from GPS/positioning sensors + software. Proprietary IP.","Trimble is arguably the most AI-native company on this list because their products already collect the data AI needs. (1) Construction: AI analyzes 3D site models to optimize earthmoving and grading - autonomous dozers and excavators guided by Trimble's positioning + AI. Digital twins of construction sites enable AI scheduling and clash detection. (2) Agriculture: AI-driven crop analytics using Trimble's precision positioning, yield maps, and agronomic data. Variable rate application of seeds/fertilizer optimized by AI. (3) Transportation: AI-optimized fleet routing and compliance. The key insight: Trimble already has the sensor-to-software stack. AI is the intelligence layer that makes decades of accumulated positioning/workflow data actionable. New products: AI site supervisors, autonomous machine guidance, predictive crop analytics.",Very Strong - decades of GPS/positioning data in construction and agriculture that no competitor has; sensor-to-software-to-AI stack,11% ROIC is modest; construction and agriculture are cyclical; competition from Hexagon and Deere
5,XYL,Xylem Inc.,29.3,8,8,AI-Powered Smart Water,"Installed base switching costs in water infrastructure. Regulatory barriers. Data/feedback loop from smart metering network. Widening moat.","Xylem's smart water thesis is compelling: (1) AI leak detection using acoustic sensor data from millions of connected meters (Sensus/Evoqua integration) - utilities lose 20-30% of treated water to leaks, AI can pinpoint them, (2) AI-driven digital twins of entire water distribution networks enabling predictive maintenance and pressure optimization, (3) AI water quality prediction combining real-time sensor data with weather, land use, and historical patterns, (4) AI-optimized wastewater treatment reducing energy consumption 15-30%. The regulatory tailwind is critical: EPA Lead and Copper Rule revisions and PFAS regulations are mandating smart water infrastructure that generates the data AI needs. Xylem has the largest installed base of smart water meters in North America, creating a proprietary data moat.",Very Strong - largest smart water meter installed base in North America; regulatory mandates drive sensor proliferation that feeds the data flywheel,Utility customer sales cycles are slow; municipal budget constraints; 10% ROIC is modest
6,OTIS,Otis Worldwide,30.9,8,8,AI-Enabled Connected Products & Services,"Installed base of 2.2M+ elevators/escalators globally. Physical service network. 35% ROIC. Recurring maintenance contracts.","Otis has one of the best 'AI enhances the installed base' stories in industrials. With 2.2M+ units in the field, Otis is connecting elevators with IoT sensors and applying AI for: (1) predictive maintenance - AI models trained on billions of door openings, motor cycles, and vibration patterns predict failures before they happen, reducing downtime and emergency callouts, (2) Otis ONE digital platform sells analytics as a premium service to building owners, (3) AI-optimized elevator dispatching in smart buildings reduces wait times and energy consumption, (4) AI-guided modernization recommendations based on usage patterns and component wear. The business model shift: from scheduled maintenance (visit every X weeks) to condition-based maintenance (visit when AI says to). This reduces cost per unit while improving service quality - and customers pay MORE for it.",Very Strong - 2.2M connected units generating continuous operational data; largest elevator installed base in the world; data moat widens with every new installation,Slow organic growth in developed markets; China new equipment market slowing; connected elevator adoption pace
7,AVY,Avery Dennison,12.4,8,8,AI-Powered Intelligent Labeling,"Installed base switching costs in labeling systems. Proprietary RFID/NFC technology. Scale economics in label production. 18% ROIC.","Avery Dennison's Intelligent Labels division is where AI creates a step-function in value. Each RFID tag they sell generates data when scanned. AI turns that data into actionable intelligence: (1) AI-powered retail inventory accuracy - RFID-tagged items tracked in real-time, AI predicts stockouts and optimizes replenishment (Walmart/Target deployments), (2) AI supply chain visibility - each tagged item's journey creates a data stream for AI-driven logistics optimization, (3) AI loss prevention using RFID movement pattern analysis, (4) AI-enabled circular economy tracking - following products through use, resale, and recycling. The flywheel: more RFID tags deployed → more data generated → AI models improve → more value from tags → customers deploy more tags. Avery Dennison has shipped 50B+ RFID tags with an installed base that trains better AI models than anyone else.",Very Strong - 50B+ RFID tags shipped creating massive product movement data; each new tag deployment enriches the AI models,RFID adoption pace in new verticals (grocery, logistics); tag price deflation; competition from SML Group
8,WM,Waste Management,93.3,10,7,AI-Optimized Physical Operations,"Irreplaceable landfill permits. Physical route density network. Regulatory barriers. 14% ROIC with pricing power.","WM's AI opportunity is in operations optimization and recycling automation: (1) AI route optimization across 26,000+ collection vehicles serving 21M+ customers - even 1-2% efficiency gains are worth hundreds of millions, (2) Computer vision-powered robotic sorting in recycling facilities (WM has deployed AI sorting at scale through AMP Robotics partnership) - this transforms recycling economics, (3) AI-powered contamination detection rejecting non-recyclable items at the curb using truck-mounted cameras, (4) Predictive maintenance on the largest private fleet of collection vehicles in North America, (5) AI-optimized landfill airspace management extending site life. The moat interaction: WM's scale (largest dataset of collection patterns, recycling streams, landfill operations) means their AI models are trained on better data than any competitor.",Moderate-Strong - largest waste collection dataset in North America; recycling sorting AI improves with volume; but physical operations have a ceiling on AI optimization,AI route optimization has diminishing returns; recycling economics still depend on commodity prices; autonomous collection vehicles are far out
9,FTV,Fortive Corporation,17.0,8,8,AI-Enhanced Test & Industrial Tech,"Installed base switching costs in Fluke and Tektronix instruments. Data/feedback loop from connected tools. 100% FCF conversion. Danaher playbook.","Fortive is embedding AI into its test and industrial technology products: (1) Fluke Connect - AI-powered predictive maintenance using data from millions of connected Fluke meters and thermal cameras. AI analyzes electrical/thermal readings to predict equipment failure before it happens. The technician's handheld tool becomes an AI diagnostic platform. (2) Tektronix - AI-assisted oscilloscope analysis that automatically identifies signal anomalies and suggests root causes, (3) Gordian (construction cost data) - AI-powered construction cost estimation and project planning using the largest proprietary database of construction costs, (4) Accruent (facility management) - AI-optimized space utilization and maintenance scheduling. Each brand has a distinct AI use case, but they share a common pattern: proprietary data from installed instruments → AI analysis → premium software/service revenue.",Strong - Fluke has the largest installed base of handheld test instruments globally; each connected tool enriches the AI diagnostic models,Instrument replacement cycles can be long; AI feature adoption by field technicians may be slow; competition in each niche
10,URI,United Rentals,44.8,8,7,AI-Optimized Fleet & Pricing,"Physical network of 1500+ branches. Scale economics in fleet purchasing and utilization. 13% ROIC. 5% FCF yield.","URI manages 1M+ rental assets across 1,500+ locations. AI transforms fleet economics: (1) AI-driven dynamic pricing based on real-time supply/demand signals across every branch and equipment category - this alone could add 100-200bps of margin, (2) predictive maintenance on 1M+ assets using telematics data (Total Control platform) reducing unplanned downtime, (3) AI fleet positioning - moving equipment between branches based on predicted demand by geography, project type, and seasonality, (4) AI-assisted fleet capital allocation - optimizing purchase/dispose decisions across thousands of equipment categories, (5) customer churn prediction and proactive retention. URI's scale advantage compounds with AI: more branches and more assets = more data = better predictions = higher utilization and pricing optimization.",Strong - largest equipment rental fleet generates the most utilization and pricing data; Total Control IoT platform captures asset-level telemetry,Equipment rental is cyclical; construction spending dependent; valuation already reflects strong execution
11,FERG,Ferguson Enterprises,42.5,8,7,AI-Powered Distribution Intelligence,"Physical branch network with trade-pro relationships. Scale economics. 18% ROIC. 1.5M+ SKUs.","Ferguson's distribution moat gets smarter with AI: (1) AI-powered contractor recommendation engine - when a plumber searches for a part, AI understands the full project context and suggests the complete bill of materials, (2) predictive inventory management across 1,700+ locations and 1.5M+ SKUs - AI reducing working capital while improving fill rates, (3) AI-optimized delivery routing and scheduling, (4) demand forecasting that connects housing starts, permits, and weather data to SKU-level demand by branch, (5) AI customer insights identifying cross-sell opportunities across plumbing, HVAC, and waterworks segments. The structural advantage: Ferguson has decades of purchase order data connecting specific projects to specific products - this trains AI models that pure-play digital distributors cannot replicate.",Moderate-Strong - deepest trade-pro purchasing dataset in plumbing/HVAC distribution; project-level purchase data is proprietary,Amazon/digital distribution threat; housing cycle exposure; AI benefits may take years to fully materialize
12,VLTO,Veralto Corporation,22.0,8,7,AI-Enhanced Water & Product Quality,"Installed base switching costs in Hach water analytics and Videojet product marking. Regulatory barriers. Danaher Business System DNA. 15% ROIC.","Veralto's two platforms both have clear AI applications: (1) Hach water analytics - AI models trained on water quality sensor data predict contamination events, optimize treatment chemical dosing in real-time, and detect anomalies across municipal and industrial water systems. Connected Hach instruments create a feedback loop where each measurement improves the AI's predictive accuracy. (2) Videojet/Linx product marking and coding - AI-powered quality inspection (computer vision verifying print quality, reading codes, detecting defects on production lines). AI transforms these from measurement-only instruments into predictive intelligence platforms that justify premium pricing and higher-margin software subscriptions.",Moderate-Strong - Hach has the largest installed base of water quality instruments in municipal/industrial treatment; each connected sensor enriches prediction models,Veralto is a new public company (Danaher spinoff); AI integration timeline uncertain; water utility sales cycles are slow
13,SHW,Sherwin-Williams,75.2,9,6,AI-Optimized Retail & Distribution Network,"5000+ owned stores. Physical distribution moat. Brand/spec preference with contractors. 22% ROIC.","Sherwin-Williams operates the largest specialty paint retail network. AI enhances this at multiple levels: (1) AI demand forecasting across 5,000+ stores - predicting paint color trends, seasonal demand shifts, and contractor purchasing patterns at the store level, (2) AI-powered color matching and formulation - instantly matching any color sample and optimizing the formulation for cost and quality, (3) AI-driven inventory optimization reducing working capital across the massive SKU base (colors x finishes x sizes), (4) contractor relationship management using AI to predict purchasing patterns and proactively recommend products, (5) AI-optimized delivery routing for their fleet. SHW's owned-store model gives them proprietary transaction data that competitors selling through Home Depot/Lowe's don't have.",Moderate - owned stores provide proprietary transaction data; contractor purchasing patterns are valuable; but paint retail has a ceiling on AI-driven optimization,AI benefits are incremental rather than transformational; paint demand tied to housing/construction cycles; premium valuation
14,ALLE,Allegion plc,12.3,8,7,AI-Powered Access Control & Security,"Installed base switching costs in Schlage/Von Duprin locks. Regulatory barriers (fire codes). Spec'd-in with architects. 20% ROIC.","The mechanical-to-electronic lock transition is Allegion's AI opportunity: (1) AI-powered access analytics - understanding building traffic patterns, identifying anomalous access attempts, predicting security risks from access data, (2) facial recognition and behavioral biometrics integrated into Allegion's electronic access platforms, (3) AI-optimized building access management - learning employee/visitor patterns and adjusting access permissions dynamically, (4) predictive maintenance on electronic lock batteries and components, (5) integration with building management AI - locks communicating with HVAC, lighting, and elevator systems for smart building orchestration. As the installed base converts from mechanical to electronic, each smart lock generates data that AI can analyze. This creates a SaaS-like recurring revenue stream on top of the hardware.",Moderate - growing electronic lock installed base generates access data; building-level usage patterns are proprietary; but smart lock penetration is still early,Electronic lock adoption pace in commercial buildings; competition from pure-play access control companies (HID, Brivo); cybersecurity risk
15,EMR,Emerson Electric,72.0,8,7,AI-Enhanced Process Automation,"Installed base switching costs in DeltaV DCS and control systems. Proprietary IP. AspenTech ownership provides AI/ML process optimization.","Emerson's AI story centers on AspenTech (majority-owned): (1) AspenTech's AI/ML-driven process optimization software reduces energy consumption and improves yield in refineries, chemical plants, and pharma manufacturing by 5-15%, (2) Emerson's DeltaV DCS (distributed control system) becomes the edge computing platform where AI models run in real-time, controlling industrial processes, (3) Plantweb digital ecosystem connects thousands of process instruments (pressure, temperature, flow, level) creating the data stream AI needs for autonomous plant operations, (4) AI-powered predictive maintenance using vibration analysis, acoustic monitoring, and process data from millions of installed instruments. The vision: AI-driven autonomous process plants where Emerson provides the full stack - sensors to control system to AI optimization.",Strong - largest installed base of process automation instruments; DeltaV DCS is the edge AI platform; AspenTech has decades of process simulation data,EMR is a large diversified industrial - AI is one thesis among many; AspenTech integration complexity; process industry capex is cyclical
