Rank,Ticker,Company Name,Market Cap ($B),Moat Depth (1-10),AI Beneficiary Score (1-10),Category,Moat Analysis,AI Thesis (5-10 Year),Key Risk
1,VRT,Vertiv Holdings,97.9,8,10,AI Power & Cooling Infrastructure,"Installed base switching costs in mission-critical power/thermal management for data centers. Customers don't swap power delivery systems once deployed. Scale economics in global service network.","THE most direct pure-play AI infrastructure beneficiary in industrials. Every AI GPU rack needs precision power delivery (UPS, PDUs, busways) and liquid/air cooling. Vertiv's thermal management solutions are essential for high-density AI compute. Backlog and orders are inflecting dramatically as hyperscalers build out. Revenue could double from AI data center demand alone over the next 5 years.",Valuation already reflects significant AI premium; execution risk on massive capacity ramp
2,TT,Trane Technologies,90.8,9,9,AI Cooling & Building Decarbonization,"Triple-layer moat: (1) spec'd-in on commercial building projects through engineer relationships, (2) massive installed base creating replacement/service revenue, (3) proprietary IP in energy-efficient systems. 18% ROIC with expanding margins. One of the best-managed industrials.","Data center cooling is a transformational growth vector. AI chips generate enormous heat - liquid cooling and precision air handling are non-negotiable. Trane's commercial HVAC expertise maps directly to data center cooling requirements. Additionally, AI-optimized building management systems (smart HVAC controls) are a second-order AI benefit. Building decarbonization regulations create a multi-decade secular tailwind independent of AI.",Elevated valuation at ~26x EV/EBITDA; data center cooling is a newer adjacency vs. core commercial HVAC
3,EME,EMCOR Group,32.3,8,9,AI Data Center Construction,"Physical network of licensed electricians, mechanical contractors, and local relationships that took decades to build. Regulatory barriers (electrical licensing, union relationships). 20% ROIC with zero net debt - exceptional for a contractor.","EMCOR literally builds the data centers. Their mechanical and electrical contracting capabilities are the physical bottleneck for AI infrastructure buildout. You cannot deploy AI compute without someone physically installing the power distribution, cooling systems, and fire suppression. EMCOR's data center segment has grown 40%+ and the pipeline extends years forward. Skilled labor scarcity deepens their moat as AI demand accelerates.",Project-based revenue can be lumpy; execution on massive scale-up; labor market tightness
4,CMI,Cummins Inc.,73.7,8,8,AI Backup Power & Generation,"Installed base of millions of engines/generators creates massive aftermarket revenue stream. Regulatory barriers (emissions certifications). Proprietary IP in power generation technology. Dealer network creates switching costs.","Every data center requires backup power generation - typically natural gas or diesel generators. Cummins dominates this market. As AI drives explosive data center growth, backup power demand follows directly. Beyond backup, Cummins is positioned in prime power and distributed generation for data centers that can't get grid connections fast enough. Their hydrogen fuel cell technology provides optionality for future clean power requirements. Data center power demand could grow 3-4x by 2030.",EV transition risk for on-highway truck engines (but increasingly diversified away); cyclical industrial exposure
5,HUBB,Hubbell Incorporated,25.3,8,8,AI Grid Infrastructure,"Brand/spec preference with utility customers. Regulatory barriers in utility-grade electrical products. Physical distribution network. 18% ROIC with expanding margins.","AI data centers are straining the electrical grid to its limits. Utilities must massively expand transmission and distribution infrastructure - transformers, connectors, cable management, surge protection. Hubbell makes the physical grid components that enable power delivery. Grid modernization was already a multi-decade theme; AI power demand has accelerated it dramatically. Utility capex budgets are rising 10-15% annually with visibility extending through 2030+.",Utility spending is ultimately regulated and can face political/permitting delays
6,KEYS,Keysight Technologies,47.6,8,8,AI Chip & Network Testing,"Installed base switching costs - engineers learn Keysight tools and don't switch. Proprietary IP in measurement science. 64% gross margins reflect the depth of technical moat. 16% ROIC.","Every AI chip must be tested before deployment. As semiconductor complexity increases for AI workloads, test and measurement requirements multiply. Keysight's electronic design automation and test solutions are essential for AI chip development (GPU, custom ASICs, networking chips). 5G/6G network buildout for edge AI is a second vector. Autonomous vehicle sensor testing is a third. Keysight doesn't compete with AI - it validates the hardware AI runs on.",Cyclical semiconductor test demand; competition from Rohde & Schwarz and NI (now Emerson)
7,ROP,Roper Technologies,37.6,9,7,AI-Enhanced Industrial Software,"Software businesses with 95%+ gross retention and high switching costs. Data/feedback loops that strengthen with usage. 120% FCF conversion - asset-light model. Danaher-like serial acquirer playbook.","Roper's portfolio of vertical market software businesses (Aderant for law firms, Strata for healthcare, DAT for freight) can integrate AI to dramatically enhance their value propositions. Each vertical software platform has proprietary data sets that become more valuable with AI analysis. AI makes their software stickier and enables price increases. As a serial acquirer, Roper can also acquire AI-native industrial software businesses. The software model means AI enhances rather than disrupts their moat.",Premium valuation at ~24x EV/EBITDA; acquisition execution risk; integration of AI into legacy software
8,AME,AMETEK Inc.,47.9,8,7,AI-Driven Automation Instruments,"Installed base switching costs in niche electronic instruments. Proprietary IP in measurement technology. Serial acquirer discipline (110% FCF conversion, 18% ROIC, 28% EBITDA margins). Widening moat trajectory.","AMETEK's precision instruments are the 'eyes and ears' of automated manufacturing. As AI drives factory automation adoption, demand for high-precision sensors, analyzers, and monitoring equipment increases. AI doesn't replace the physical measurement - it makes the data from AMETEK's instruments more valuable. Their niche positions in aerospace, defense, and process industries are AI-complementary. AI-enhanced predictive maintenance increases demand for continuous monitoring instruments.",Cyclical end markets (semiconductor, industrial); acquisition integration risk
9,POWL,Powell Industries,6.3,7,9,AI Data Center Switchgear,"Regulatory/certification barriers for medium-voltage electrical equipment. Custom-engineered switchgear creates switching costs. 22% ROIC with zero net debt.","Powell makes the switchgear, bus duct, and power control rooms that are the electrical backbone of data centers. Every new AI data center requires custom-engineered power distribution equipment rated for increasingly high power densities. Powell's backlog has exploded as hyperscalers race to build AI compute capacity. Revenue has grown 30%+ as data center electrical infrastructure demand surges. Smaller company with the most direct leverage to AI power infrastructure buildout.",Smaller company with customer concentration risk; backlog could normalize post-buildout cycle
10,NVT,nVent Electric,18.8,7,8,AI Data Center Connections & Cooling,"Installed base switching costs in electrical connections and protection. Brand/spec preference with data center designers. 13% ROIC with widening moat trajectory.","nVent's liquid cooling solutions (through CoolSys acquisition) are critical for AI GPU deployments that exceed air cooling capacity. Their electrical connection and protection products are also essential for data center power delivery. The shift from air-cooled to liquid-cooled data centers for AI workloads is a structural change that benefits nVent directly. Additionally, their enclosure and cable management products are spec'd into data center designs.",Newer entrant in liquid cooling; competition from established cooling players
11,TDG,TransDigm Group,69.2,10,4,Deepest Moat Industrial (Non-AI),"THE deepest moat in industrials. Proprietary sole-source aerospace aftermarket parts with FAA certification barriers. Once a TransDigm part is designed into an aircraft, there is no alternative for the 30-year life of the platform. 22% ROIC, 47% EBITDA margins. Pricing power is unmatched.","Limited direct AI beneficiary, but included for moat depth alone. AI does not threaten TransDigm's business in any way - you cannot 3D print or software-replace a certified aerospace component. Indirectly, AI may help optimize their M&A pipeline analysis and pricing optimization. The moat is so deep and the financial quality so high that it deserves inclusion regardless of AI exposure. Air travel growth is the secular driver.",Not an AI beneficiary; aerospace aftermarket is tied to air traffic growth; leverage is intentionally high (6.5x Net Debt/EBITDA)
12,STRL,Sterling Infrastructure,12.3,7,8,AI Data Center Site Work,"Physical network of heavy civil contractors and local permitting relationships. Regulatory barriers in e-infrastructure construction. 18% ROIC with strong pipeline visibility.","Sterling's e-infrastructure segment does the site preparation and heavy civil work for data centers - foundations, earthwork, utilities. This is the first physical step in building AI compute capacity. Their data center pipeline extends years forward. Smaller and more leveraged to the AI infrastructure buildout cycle than larger E&C peers.",Smaller company; project-based revenue; data center buildout cycle could peak
13,FIX,Comfort Systems USA,47.7,8,8,AI Data Center Mechanical,"Physical network of HVAC/mechanical contractors with local licensing and relationships. Regulatory barriers. 18% ROIC with expanding margins.","Comfort Systems installs and maintains the mechanical systems (HVAC, piping, controls) in data centers. The mechanical complexity of AI data centers (liquid cooling loops, precision air handling, redundant systems) is significantly higher than traditional facilities. This drives higher revenue per project and longer service contracts. Their nationwide network of mechanical contractors is the physical constraint on how fast AI infrastructure can be built.",Valuation has expanded significantly on data center thesis; execution on scaling workforce
14,WM,Waste Management,93.3,10,3,Deepest Physical Asset Moat (Non-AI),"Perhaps the deepest moat in all of industrials alongside TDG. Physical landfill permits are irreplaceable assets - no new landfills are being permitted near population centers. Network density creates route economics that are nearly impossible to replicate. Regulatory barriers at every level. 14% ROIC with pricing power.","Not a direct AI beneficiary, but included for extraordinary moat depth. AI can optimize route planning and fleet management (already being deployed). Landfill gas-to-energy provides renewable energy optionality. The moat is getting wider as environmental regulations tighten and no new landfill permits are issued. This is a 'forever' business with toll-road economics.",Not an AI beneficiary; waste volumes tied to economic activity; ESG/recycling risk to landfill model long-term
15,GNRC,Generac Holdings,11.7,7,7,AI Grid Resilience,"Brand/spec preference in residential and commercial backup power. Installed base of generators creates aftermarket revenue. Distribution network switching costs. 15% ROIC.","AI data center power demand is straining grids, causing more frequent outages and grid instability. This drives demand for backup power at every level - residential, commercial, and industrial. Generac's energy storage systems (battery + solar) are a second AI-adjacent growth vector as distributed energy becomes necessary. Grid reliability concerns are structural and worsening as AI demand grows.",Cyclical demand tied to storm seasons and grid events; residential market can be lumpy
